,Invoice_Description,Expense_Category
14589,metropolitan area travel,Travel
389759,jurors,Miscellaneous Operating Expenses
445180,background investigations,Miscellaneous Operating Expenses
155674,other equipment repair maintenance,Maintenance
54537,length of service awards program   payments,Fire Department Operating Expenses
496395,parking meters,Other Supplies Materials Equipment
53125,length of service awards program   payments,Fire Department Operating Expenses
390112,jurors,Miscellaneous Operating Expenses
678419,other books,Books Videos Subscriptions
78956,length of service awards program   payments,Fire Department Operating Expenses
668132,other books,Books Videos Subscriptions
563864,gasoline,Motor Vehicle Supplies Equipment
165568,cleaning supplies,Other Supplies Materials Equipment
199567,senior rental assistance program benefits,Public Assistance
264213,plumbing fixtures   supplies,Other Supplies Materials Equipment
683667,electricity traffic signals,Utilities
135836,food meals,Public Assistance
302820,tuition assistance   municipal   county government employees organization  mcgeo,Training and Education
175259,local conference related,Training and Education
318728,family services,Contract and Services
389289,job fairs   career days,Special County Functions
97620,other furniture  non capitalized,Furniture
691759,natural gas,Utilities
544957,oil,Motor Vehicle Supplies Equipment
162962,cleaning supplies,Other Supplies Materials Equipment
563573,gasoline,Motor Vehicle Supplies Equipment
10462,metropolitan area travel,Travel
577980,shop equipment   tools  non capitalized,Motor Vehicle Supplies Equipment
268390,rest room supplies,Other Supplies Materials Equipment
244598,child care services,Contract and Services
599814,parent education services,Contract and Services
423304,reimbursement for towing charges,Miscellaneous Operating Expenses
230963,other miscellaneous operating expenses,Miscellaneous Operating Expenses
304761,outside printing   copying,Outside Printing
172480,electrical fixtures   supplies,Other Supplies Materials Equipment
241311,other miscellaneous operating expenses,Miscellaneous Operating Expenses
535056,engine parts   supplies,Motor Vehicle Supplies Equipment
568281,professional memberships  individual,Memberships and Dues
142869,participating agencies actives,Insurance  Non Fringe Benefits
566644,gasoline,Motor Vehicle Supplies Equipment
129425,charges from state   renter relief credit,Charges from Others
252349,component unit contract,Contract and Services
190217,heating   air conditioning fix   supplies,Other Supplies Materials Equipment
147801,public assistance,Public Assistance
661384,other books,Books Videos Subscriptions
532873,engine parts   supplies,Motor Vehicle Supplies Equipment
227947,other miscellaneous operating expenses,Miscellaneous Operating Expenses
163815,cleaning supplies,Other Supplies Materials Equipment
668852,other books,Books Videos Subscriptions
223910,other miscellaneous operating expenses,Miscellaneous Operating Expenses
55391,length of service awards program   payments,Fire Department Operating Expenses
480072,professional psychological screening,Contract and Services
129520,charges from state   renter relief credit,Charges from Others
9145,preparation of transcripts recorders,Contract and Services
358278,other public safety supplies equipment,Public Safety Supplies Equipment
401443,meetings  meals snacks refreshments,Special County Functions
322167,food service,Contract and Services
10577,metropolitan area travel,Travel
492635,bond counsel legal general,Debt Service   Issue Costs Paid  Operating
616019,other supplies and materials,Other Supplies Materials Equipment
111405,general office supplies,Office Supplies Equipment Not Capitalized
12382,metropolitan area travel,Travel
521178,grants convertible to loans  economic development fund,Loans
66042,length of service awards program   payments,Fire Department Operating Expenses
691289,natural gas,Utilities
450624,liquor and wine inventory,Liquor Purchases  DLC
257296,local telephone service charges,Phones Telecommunication Services
204769,other rental assistance program benefits,Public Assistance
549517,standby food,Miscellaneous Operating Expenses
568843,professional memberships  individual,Memberships and Dues
29939,other motor pool charges,Motor Pool
599059,other equipment rentals,Rental Leases
129726,charges from state   renter relief credit,Charges from Others
491269,transcripts,Miscellaneous Operating Expenses
112198,general office supplies,Office Supplies Equipment Not Capitalized
153158,other equipment repair maintenance,Maintenance
6444,temporary office clerical,Contract and Services
92921,length of service awards program   payments,Fire Department Operating Expenses
148858,cobra   claims,Insurance  Non Fringe Benefits
286660,cellular phone line charges,Phones Telecommunication Services
99935,other central duplicating services   printing,Printing   Cental Duplicating Services
303570,operational materials,Other Supplies Materials Equipment
184138,non local conference related,Training and Education
576075,shop equipment   tools  non capitalized,Motor Vehicle Supplies Equipment
189770,heating   air conditioning fix   supplies,Other Supplies Materials Equipment
163213,cleaning supplies,Other Supplies Materials Equipment
117844,contracted on line services,Contract and Services
508825,parking meters,Other Supplies Materials Equipment
139472,retirees   claims,Insurance  Non Fringe Benefits
52607,length of service awards program   payments,Fire Department Operating Expenses
241218,other miscellaneous operating expenses,Miscellaneous Operating Expenses
649618,electricity,Utilities
18531,metropolitan area travel,Travel
449532,warrants   fugitive extradition,Miscellaneous Operating Expenses
240830,other miscellaneous operating expenses,Miscellaneous Operating Expenses
447134,substance abuse testing kits,Medical Health Supplies
198359,senior rental assistance program benefits,Public Assistance
584877,automotive shop supplies   materials,Motor Vehicle Supplies Equipment
184770,non local conference related,Training and Education
625497,other supplies and materials,Other Supplies Materials Equipment
21012,metropolitan area travel,Travel
517991,pallets and retired materials   liquor,Liquor Purchases  DLC
67267,length of service awards program   payments,Fire Department Operating Expenses
160929,cleaning supplies,Other Supplies Materials Equipment
304413,outside printing   copying,Outside Printing
641819,book processing,Books Videos Subscriptions
613121,building or space rentals leases,Rental Leases
209909,other rental assistance program benefits,Public Assistance
478177,beer inventory,Liquor Purchases  DLC
331488,uniforms,Uniforms
242783,other miscellaneous operating expenses,Miscellaneous Operating Expenses
661026,other books,Books Videos Subscriptions
478241,beer inventory,Liquor Purchases  DLC
132073,arbitration services,Contract and Services
608230,building or space rentals leases,Rental Leases
533034,engine parts   supplies,Motor Vehicle Supplies Equipment
334535,uniforms,Uniforms
474151,heavy equipment  loaders,Autos and Other Vehicles  Over  10 000
147455,public assistance,Public Assistance
358674,other public safety supplies equipment,Public Safety Supplies Equipment
474475,small engine repairs parts,Other Supplies Materials Equipment
193063,disability rental assistance program benefits,Public Assistance
247577,child care services,Contract and Services
123927,general obligation bond   interest payment,Debt Service   Interest Payment
308847,private purpose trust donations,Property Donation Disbursements
502952,parking meters,Other Supplies Materials Equipment
648990,electricity,Utilities
332121,uniforms,Uniforms
31114,motor pool   ezpass charges,Motor Pool
81004,length of service awards program   payments,Fire Department Operating Expenses
598552,other equipment rentals,Rental Leases
233557,other miscellaneous operating expenses,Miscellaneous Operating Expenses
71610,length of service awards program   payments,Fire Department Operating Expenses
454765,liquor and wine inventory,Liquor Purchases  DLC
264988,public safety training,Training and Education
497403,parking meters,Other Supplies Materials Equipment
45084,length of service awards program   payments,Fire Department Operating Expenses
193152,disability rental assistance program benefits,Public Assistance
557237,diesel fuel,Motor Vehicle Supplies Equipment
133063,computer equipment repairs maintenance,Maintenance
670486,other books,Books Videos Subscriptions
314178,other outside printing copying,Outside Printing
139431,retirees   claims,Insurance  Non Fringe Benefits
500803,parking meters,Other Supplies Materials Equipment
510738,fiber optic materials,Other Supplies Materials Equipment
347018,shoes,Uniforms
17819,metropolitan area travel,Travel
447399,radio repair parts,Other Supplies Materials Equipment
601449,building or space rentals leases,Rental Leases
6780,temporary office clerical,Contract and Services
609603,building or space rentals leases,Rental Leases
235430,other miscellaneous operating expenses,Miscellaneous Operating Expenses
552551,standby food,Miscellaneous Operating Expenses
190510,heating   air conditioning fix   supplies,Other Supplies Materials Equipment
254026,local telephone service charges,Phones Telecommunication Services
667661,other books,Books Videos Subscriptions
15726,metropolitan area travel,Travel
545580,standby food,Miscellaneous Operating Expenses
90771,length of service awards program   payments,Fire Department Operating Expenses
107147,general office supplies,Office Supplies Equipment Not Capitalized
493045,maintenance   vehicles,Contract and Services
223955,other miscellaneous operating expenses,Miscellaneous Operating Expenses
340005,grantees,Contract and Services
558687,diesel fuel,Motor Vehicle Supplies Equipment
506065,parking meters,Other Supplies Materials Equipment
20030,metropolitan area travel,Travel
172795,local conference related,Training and Education
200776,management leadership training,Training and Education
228991,other miscellaneous operating expenses,Miscellaneous Operating Expenses
279909,cellular phone line charges,Phones Telecommunication Services
55833,length of service awards program   payments,Fire Department Operating Expenses
139703,retirees   claims,Insurance  Non Fringe Benefits
212752,professional licensure training,Training and Education
174115,local conference related,Training and Education
324449,uniforms,Uniforms
363702,other public safety supplies equipment,Public Safety Supplies Equipment
378105,other communication services,Phones Telecommunication Services
181971,non local conference related,Training and Education
49296,length of service awards program   payments,Fire Department Operating Expenses
151640,other equipment repair maintenance,Maintenance
127319,bond anticipation note   interest payment,Debt Service   Interest Payment
418222,reimbursement for towing charges,Miscellaneous Operating Expenses
119736,paper   supplies for copiers,Office Supplies Equipment Not Capitalized
178881,non local conference related,Training and Education
283273,cellular phone line charges,Phones Telecommunication Services
113924,general office supplies,Office Supplies Equipment Not Capitalized
251325,child care services,Contract and Services
305073,tuition assistance   fraternal order of police  fop,Training and Education
40469,other recreation expenses,Recreation Supplies Equipment
623028,other supplies and materials,Other Supplies Materials Equipment
423346,reimbursement for towing charges,Miscellaneous Operating Expenses
42788,software licensure maintenance agreements,Contract and Services
543058,direct service   food meals,Miscellaneous Operating Expenses
424171,reimbursement for towing charges,Miscellaneous Operating Expenses
497286,parking meters,Other Supplies Materials Equipment
312333,tools,Other Supplies Materials Equipment
183722,non local conference related,Training and Education
149338,other equipment repair maintenance,Maintenance
22222,metropolitan area travel,Travel
156640,other equipment repair maintenance,Maintenance
613389,building or space rentals leases,Rental Leases
335828,animal supplies equipment,Public Safety Supplies Equipment
321340,flex dollars,Contract and Services
152786,other equipment repair maintenance,Maintenance
33454,other recreation expenses,Recreation Supplies Equipment
328283,uniforms,Uniforms
622386,other supplies and materials,Other Supplies Materials Equipment
121192,outside overnight mail courier,Outside Postage and Mailing Services
130565,charges from state   renter relief credit,Charges from Others
693509,natural gas,Utilities
41680,other recreation expenses,Recreation Supplies Equipment
57545,length of service awards program   payments,Fire Department Operating Expenses
666585,other books,Books Videos Subscriptions
4637,temporary office clerical,Contract and Services
674438,other books,Books Videos Subscriptions
276344,cellular phone line charges,Phones Telecommunication Services
301297,signs,Other Supplies Materials Equipment
502153,parking meters,Other Supplies Materials Equipment
347977,shoes,Uniforms
521642,grants convertible to loans  economic development fund,Loans
293706,other education,Training and Education
323332,uniforms,Uniforms
174774,local conference related,Training and Education
650022,electricity,Utilities
382617,other communication services,Phones Telecommunication Services
315875,inmate ged testing,Training and Education
533015,engine parts   supplies,Motor Vehicle Supplies Equipment
86266,length of service awards program   payments,Fire Department Operating Expenses
331048,uniforms,Uniforms
382405,other communication services,Phones Telecommunication Services
613380,building or space rentals leases,Rental Leases
188789,non local conference related,Training and Education
656835,other books,Books Videos Subscriptions
562291,gasoline,Motor Vehicle Supplies Equipment
687328,consultant services,Contract and Services
76676,length of service awards program   payments,Fire Department Operating Expenses
294114,other education,Training and Education
484706,other medical health supplies,Medical Health Supplies
400726,drugs   medicine,Medical Health Supplies
92308,length of service awards program   payments,Fire Department Operating Expenses
574580,vehicle components,Motor Vehicle Supplies Equipment
322383,food service,Contract and Services
517977,pallets and retired materials   liquor,Liquor Purchases  DLC
616644,other supplies and materials,Other Supplies Materials Equipment
141854,carpentry supplies and materials,Other Supplies Materials Equipment
678488,other books,Books Videos Subscriptions
73270,length of service awards program   payments,Fire Department Operating Expenses
291893,other education,Training and Education
312628,tools,Other Supplies Materials Equipment
459754,liquor and wine inventory,Liquor Purchases  DLC
93668,length of service awards program   payments,Fire Department Operating Expenses
350700,wireless communications,Phones Telecommunication Services
453569,liquor and wine inventory,Liquor Purchases  DLC
204006,other rental assistance program benefits,Public Assistance
418817,reimbursement for towing charges,Miscellaneous Operating Expenses
16141,metropolitan area travel,Travel
156167,other equipment repair maintenance,Maintenance
166059,cleaning supplies,Other Supplies Materials Equipment
648545,electricity,Utilities
223143,other miscellaneous operating expenses,Miscellaneous Operating Expenses
198771,senior rental assistance program benefits,Public Assistance
336812,animal supplies equipment,Public Safety Supplies Equipment
342050,maintenance   alarms,Contract and Services
35630,other recreation expenses,Recreation Supplies Equipment
476613,beer inventory,Liquor Purchases  DLC
625820,other supplies and materials,Other Supplies Materials Equipment
598046,other equipment rentals,Rental Leases
393865,drugs   medicine,Medical Health Supplies
301748,signs,Other Supplies Materials Equipment
631246,other rentals   leases,Rental Leases
297781,dgs facilities   inventory,Contract and Services
536806,engine parts   supplies,Motor Vehicle Supplies Equipment
8630,preparation of transcripts recorders,Contract and Services
100232,other central duplicating services   printing,Printing   Cental Duplicating Services
606818,building or space rentals leases,Rental Leases
350404,concrete,Other Supplies Materials Equipment
596838,central duplicating   postage   individual,Mail   Central Duplicating Services
609711,building or space rentals leases,Rental Leases
241839,other miscellaneous operating expenses,Miscellaneous Operating Expenses
647441,electricity,Utilities
83706,length of service awards program   payments,Fire Department Operating Expenses
387769,clinic supplies,Medical Health Supplies
317720,blackberries,Phones Telecommunication Services
262079,other professional services,Contract and Services
8263,preparation of transcripts recorders,Contract and Services
692163,natural gas,Utilities
165571,cleaning supplies,Other Supplies Materials Equipment
632361,other rentals   leases,Rental Leases
435974,reimbursement for towing charges,Miscellaneous Operating Expenses
530039,engine parts   supplies,Motor Vehicle Supplies Equipment
439148,reimbursement for towing charges,Miscellaneous Operating Expenses
83776,length of service awards program   payments,Fire Department Operating Expenses
429923,reimbursement for towing charges,Miscellaneous Operating Expenses
610219,building or space rentals leases,Rental Leases
19072,metropolitan area travel,Travel
267597,other non professional services,Contract and Services
253278,local telephone service charges,Phones Telecommunication Services
605044,building or space rentals leases,Rental Leases
611634,building or space rentals leases,Rental Leases
337656,uniform cleaning,Uniforms
664880,other books,Books Videos Subscriptions
356469,other public safety supplies equipment,Public Safety Supplies Equipment
544697,oil,Motor Vehicle Supplies Equipment
132279,computer equipment repairs maintenance,Maintenance
59008,length of service awards program   payments,Fire Department Operating Expenses
649430,electricity,Utilities
106864,meter revenue collection,Contract and Services
564889,gasoline,Motor Vehicle Supplies Equipment
73715,length of service awards program   payments,Fire Department Operating Expenses
71254,length of service awards program   payments,Fire Department Operating Expenses
290086,other education,Training and Education
70429,length of service awards program   payments,Fire Department Operating Expenses
95122,length of service awards program   payments,Fire Department Operating Expenses
248409,child care services,Contract and Services
627802,modification expense   leased property,Rental Leases
460065,liquor and wine inventory,Liquor Purchases  DLC
261038,other professional services,Contract and Services
313372,other outside printing copying,Outside Printing
658443,other books,Books Videos Subscriptions
411707,reimbursement for towing charges,Miscellaneous Operating Expenses
337199,uniform cleaning,Uniforms
443152,medical equipment,Medical Health Supplies
416948,reimbursement for towing charges,Miscellaneous Operating Expenses
518567,pallets and retired materials   liquor,Liquor Purchases  DLC
125101,other outside mail services,Outside Postage and Mailing Services
151948,other equipment repair maintenance,Maintenance
146412,public assistance,Public Assistance
214227,other miscellaneous operating expenses,Miscellaneous Operating Expenses
172543,electrical fixtures   supplies,Other Supplies Materials Equipment
620972,other supplies and materials,Other Supplies Materials Equipment
162250,cleaning supplies,Other Supplies Materials Equipment
523206,grants convertible to loans  economic development fund,Loans
64763,length of service awards program   payments,Fire Department Operating Expenses
167723,cleaning supplies,Other Supplies Materials Equipment
104741,advertising legal compliance,Advertising
434440,reimbursement for towing charges,Miscellaneous Operating Expenses
185276,non local conference related,Training and Education
172228,electrical fixtures   supplies,Other Supplies Materials Equipment
181222,non local conference related,Training and Education
488998,professional purchase of service,Contract and Services
423097,reimbursement for towing charges,Miscellaneous Operating Expenses
613485,building or space rentals leases,Rental Leases
522380,grants convertible to loans  economic development fund,Loans
190065,heating   air conditioning fix   supplies,Other Supplies Materials Equipment
593845,other supplies and materials,Other Supplies Materials Equipment
44147,length of service awards program   payments,Fire Department Operating Expenses
217721,other miscellaneous operating expenses,Miscellaneous Operating Expenses
31468,motor pool   ezpass charges,Motor Pool
413847,reimbursement for towing charges,Miscellaneous Operating Expenses
454960,liquor and wine inventory,Liquor Purchases  DLC
653865,other books,Books Videos Subscriptions
256495,local telephone service charges,Phones Telecommunication Services
345347,uniform repairs alterations,Uniforms
353079,wireless communications,Phones Telecommunication Services
209525,other rental assistance program benefits,Public Assistance
405803,meetings  meals snacks refreshments,Special County Functions
408011,reimbursement for towing charges,Miscellaneous Operating Expenses
53609,length of service awards program   payments,Fire Department Operating Expenses
19428,metropolitan area travel,Travel
435215,reimbursement for towing charges,Miscellaneous Operating Expenses
348464,shoes,Uniforms
35409,other recreation expenses,Recreation Supplies Equipment
274750,cellular phone line charges,Phones Telecommunication Services
541756,kitchen supplies,Other Supplies Materials Equipment
497632,parking meters,Other Supplies Materials Equipment
187359,non local conference related,Training and Education
499609,parking meters,Other Supplies Materials Equipment
2419,temporary para professional,Contract and Services
174285,local conference related,Training and Education
605916,building or space rentals leases,Rental Leases
187284,non local conference related,Training and Education
18809,metropolitan area travel,Travel
379435,other communication services,Phones Telecommunication Services
616031,other supplies and materials,Other Supplies Materials Equipment
3130,other utilities,Utilities
467889,education vocation supplies,Other Supplies Materials Equipment
140554,retirees   claims,Insurance  Non Fringe Benefits
576534,shop equipment   tools  non capitalized,Motor Vehicle Supplies Equipment
121331,outside overnight mail courier,Outside Postage and Mailing Services
265443,public safety training,Training and Education
550157,standby food,Miscellaneous Operating Expenses
433161,reimbursement for towing charges,Miscellaneous Operating Expenses
278109,cellular phone line charges,Phones Telecommunication Services
161438,cleaning supplies,Other Supplies Materials Equipment
249712,child care services,Contract and Services
111389,general office supplies,Office Supplies Equipment Not Capitalized
618125,other supplies and materials,Other Supplies Materials Equipment
448207,radio repair parts,Other Supplies Materials Equipment
510494,maintenance   telephones,Contract and Services
189935,heating   air conditioning fix   supplies,Other Supplies Materials Equipment
534469,engine parts   supplies,Motor Vehicle Supplies Equipment
300678,dgs facilities   inventory,Contract and Services
262694,other professional services,Contract and Services
445968,background investigations,Miscellaneous Operating Expenses
146931,public assistance,Public Assistance
552204,standby food,Miscellaneous Operating Expenses
311257,engineering   architectural services,Contract and Services
160123,fire hoses and brass goods,Public Safety Supplies Equipment
495401,respite care services,Contract and Services
693562,natural gas,Utilities
585968,operating expense   charges to others,Charges to Others
273485,cellular phone line charges,Phones Telecommunication Services
483448,other medical health supplies,Medical Health Supplies
260871,other professional services,Contract and Services
581505,other dues,Memberships and Dues
308376,private purpose trust donations,Property Donation Disbursements
320292,family services,Contract and Services
274085,cellular phone line charges,Phones Telecommunication Services
353389,wireless communications,Phones Telecommunication Services
624759,other supplies and materials,Other Supplies Materials Equipment
243558,other miscellaneous operating expenses,Miscellaneous Operating Expenses
446114,automobiles,Autos and Other Vehicles  Over  10 000
594104,other supplies and materials,Other Supplies Materials Equipment
22602,metropolitan area travel,Travel
537972,intergovernmental operating expenditures,Intergovernmental Operating Expenditures
444377,radio equipment,Other Supplies Materials Equipment
156208,other equipment repair maintenance,Maintenance
323793,uniforms,Uniforms
388840,job fairs   career days,Special County Functions
133885,emergency housing assistance,Public Assistance
548214,standby food,Miscellaneous Operating Expenses
372878,other communication services,Phones Telecommunication Services
236284,other miscellaneous operating expenses,Miscellaneous Operating Expenses
532851,engine parts   supplies,Motor Vehicle Supplies Equipment
469458,drugs and medicine   client reimbursement,Medical Health Supplies
523918,streetscape maintenance,Contract and Services
444422,radio equipment,Other Supplies Materials Equipment
197033,senior rental assistance program benefits,Public Assistance
621314,other supplies and materials,Other Supplies Materials Equipment
679901,boards  child care travel reimbursement,Boards Committees Commissions
408900,reimbursement for towing charges,Miscellaneous Operating Expenses
342636,animal care,Public Safety Supplies Equipment
447569,radio repair parts,Other Supplies Materials Equipment
215312,other miscellaneous operating expenses,Miscellaneous Operating Expenses
154443,other equipment repair maintenance,Maintenance
252225,child care services,Contract and Services
542852,direct service   food meals,Miscellaneous Operating Expenses
523305,grants convertible to loans  economic development fund,Loans
378641,other communication services,Phones Telecommunication Services
492890,maintenance   vehicles,Contract and Services
145040,public assistance,Public Assistance
552021,standby food,Miscellaneous Operating Expenses
673840,other books,Books Videos Subscriptions
17953,metropolitan area travel,Travel
551088,standby food,Miscellaneous Operating Expenses
527732,engine parts   supplies,Motor Vehicle Supplies Equipment
83615,length of service awards program   payments,Fire Department Operating Expenses
317244,blackberries,Phones Telecommunication Services
216860,other miscellaneous operating expenses,Miscellaneous Operating Expenses
102767,advertising   marketing sales,Advertising
45236,length of service awards program   payments,Fire Department Operating Expenses
616747,other supplies and materials,Other Supplies Materials Equipment
508087,parking meters,Other Supplies Materials Equipment
36608,other recreation expenses,Recreation Supplies Equipment
104363,advertising legal compliance,Advertising
320599,bituminous concrete,Other Supplies Materials Equipment
301195,professional educational training,Contract and Services
384612,clinic supplies,Medical Health Supplies
240183,other miscellaneous operating expenses,Miscellaneous Operating Expenses
327467,uniforms,Uniforms
167317,cleaning supplies,Other Supplies Materials Equipment
20170,metropolitan area travel,Travel
259641,occupational health   safety training,Training and Education
236966,other miscellaneous operating expenses,Miscellaneous Operating Expenses
385965,clinic supplies,Medical Health Supplies
602547,building or space rentals leases,Rental Leases
116779,computer equipment   non capitalized,Office Supplies Equipment Not Capitalized
599564,central duplicating   overnight mail courier,Mail   Central Duplicating Services
336441,animal supplies equipment,Public Safety Supplies Equipment
309112,private purpose trust donations,Property Donation Disbursements
237154,other miscellaneous operating expenses,Miscellaneous Operating Expenses
461190,liquor and wine inventory,Liquor Purchases  DLC
601070,building or space rentals leases,Rental Leases
293171,other education,Training and Education
675211,other books,Books Videos Subscriptions
40466,other recreation expenses,Recreation Supplies Equipment
198334,senior rental assistance program benefits,Public Assistance
556121,diesel fuel,Motor Vehicle Supplies Equipment
270650,cellular phone line charges,Phones Telecommunication Services
266518,public safety training,Training and Education
504826,parking meters,Other Supplies Materials Equipment
157315,other equipment repair maintenance,Maintenance
448276,radio repair parts,Other Supplies Materials Equipment
621518,other supplies and materials,Other Supplies Materials Equipment
336558,animal supplies equipment,Public Safety Supplies Equipment
263661,plumbing fixtures   supplies,Other Supplies Materials Equipment
673240,other books,Books Videos Subscriptions
337848,uniform cleaning,Uniforms
193685,disability rental assistance program benefits,Public Assistance
262794,other professional services,Contract and Services
183790,non local conference related,Training and Education
355441,other public safety supplies equipment,Public Safety Supplies Equipment
52086,length of service awards program   payments,Fire Department Operating Expenses
414083,reimbursement for towing charges,Miscellaneous Operating Expenses
486541,chainsaw repairs parts,Other Supplies Materials Equipment
563463,gasoline,Motor Vehicle Supplies Equipment
440307,reimbursement for towing charges,Miscellaneous Operating Expenses
143402,participating agencies actives,Insurance  Non Fringe Benefits
31848,recreation outreach activities,Recreation Supplies Equipment
139829,retirees   claims,Insurance  Non Fringe Benefits
127088,bond anticipation note   interest payment,Debt Service   Interest Payment
661841,other books,Books Videos Subscriptions
636751,books   reference materials,Books Videos Subscriptions
283290,cellular phone line charges,Phones Telecommunication Services
670907,other books,Books Videos Subscriptions
626486,other   mail,Mail   Central Duplicating Services
520256,grants convertible to loans  economic development fund,Loans
690394,athletic apparel,Recreation Supplies Equipment
421686,reimbursement for towing charges,Miscellaneous Operating Expenses
177677,other public assistance,Public Assistance
368274,other public safety supplies equipment,Public Safety Supplies Equipment
602202,building or space rentals leases,Rental Leases
106894,meter revenue collection,Contract and Services
592551,water cooler rentals,Rental Leases
550513,standby food,Miscellaneous Operating Expenses
487476,ride on buses,Autos and Other Vehicles  Over  10 000
163359,cleaning supplies,Other Supplies Materials Equipment
550851,standby food,Miscellaneous Operating Expenses
308812,private purpose trust donations,Property Donation Disbursements
35933,other recreation expenses,Recreation Supplies Equipment
362236,other public safety supplies equipment,Public Safety Supplies Equipment
352388,wireless communications,Phones Telecommunication Services
228916,other miscellaneous operating expenses,Miscellaneous Operating Expenses
452705,liquor and wine inventory,Liquor Purchases  DLC
105027,telephones,Furniture and Fixtures  Over  10 000
486162,chainsaw repairs parts,Other Supplies Materials Equipment
80434,length of service awards program   payments,Fire Department Operating Expenses
123542,charges from dist  cabling,Charges from Others
463476,liquor and wine inventory,Liquor Purchases  DLC
140156,retirees   claims,Insurance  Non Fringe Benefits
645724,book processing,Books Videos Subscriptions
625653,other supplies and materials,Other Supplies Materials Equipment
21497,metropolitan area travel,Travel
422123,reimbursement for towing charges,Miscellaneous Operating Expenses
311550,engineering   architectural services,Contract and Services
70691,length of service awards program   payments,Fire Department Operating Expenses
311311,engineering   architectural services,Contract and Services
550693,standby food,Miscellaneous Operating Expenses
684853,arts   crafts,Recreation Supplies Equipment
154894,other equipment repair maintenance,Maintenance
638482,books   reference materials,Books Videos Subscriptions
221107,other miscellaneous operating expenses,Miscellaneous Operating Expenses
565089,gasoline,Motor Vehicle Supplies Equipment
396999,drugs   medicine,Medical Health Supplies
559239,diesel fuel,Motor Vehicle Supplies Equipment
338994,lumber building supplies,Other Supplies Materials Equipment
689027,building construction,Contract and Services
575608,shop equipment   tools  non capitalized,Motor Vehicle Supplies Equipment
617010,other supplies and materials,Other Supplies Materials Equipment
406518,meetings  meals snacks refreshments,Special County Functions
143684,participating agencies actives,Insurance  Non Fringe Benefits
681649,boards  child care travel reimbursement,Boards Committees Commissions
439530,reimbursement for towing charges,Miscellaneous Operating Expenses
176514,local conference related,Training and Education
642510,book processing,Books Videos Subscriptions
270761,cellular phone line charges,Phones Telecommunication Services
198748,senior rental assistance program benefits,Public Assistance
229487,other miscellaneous operating expenses,Miscellaneous Operating Expenses
633125,other rentals   leases,Rental Leases
347618,shoes,Uniforms
516221,grants   community development block grant rehabilitation,Loans
531918,engine parts   supplies,Motor Vehicle Supplies Equipment
333174,uniforms,Uniforms
367966,other public safety supplies equipment,Public Safety Supplies Equipment
554275,diesel fuel,Motor Vehicle Supplies Equipment
642223,book processing,Books Videos Subscriptions
190393,heating   air conditioning fix   supplies,Other Supplies Materials Equipment
300014,dgs facilities   inventory,Contract and Services
6886,temporary office clerical,Contract and Services
301217,professional educational training,Contract and Services
36510,other recreation expenses,Recreation Supplies Equipment
600515,building or space rentals leases,Rental Leases
572779,vehicle components,Motor Vehicle Supplies Equipment
345597,uniform repairs alterations,Uniforms
476137,beer inventory,Liquor Purchases  DLC
244601,child care services,Contract and Services
237654,other miscellaneous operating expenses,Miscellaneous Operating Expenses
94012,length of service awards program   payments,Fire Department Operating Expenses
521880,grants convertible to loans  economic development fund,Loans
4828,temporary office clerical,Contract and Services
354073,medical supplies,Contract and Services
560434,gasoline,Motor Vehicle Supplies Equipment
45968,length of service awards program   payments,Fire Department Operating Expenses
121143,outside overnight mail courier,Outside Postage and Mailing Services
552521,standby food,Miscellaneous Operating Expenses
292958,other education,Training and Education
278938,cellular phone line charges,Phones Telecommunication Services
613258,building or space rentals leases,Rental Leases
56578,length of service awards program   payments,Fire Department Operating Expenses
437591,reimbursement for towing charges,Miscellaneous Operating Expenses
343139,animal care,Public Safety Supplies Equipment
69588,length of service awards program   payments,Fire Department Operating Expenses
634746,books   reference materials,Books Videos Subscriptions
124380,general obligation bond   interest payment,Debt Service   Interest Payment
19972,metropolitan area travel,Travel
382825,other communication services,Phones Telecommunication Services
509972,parking meters,Other Supplies Materials Equipment
598202,other equipment rentals,Rental Leases
379600,other communication services,Phones Telecommunication Services
397841,drugs   medicine,Medical Health Supplies
613378,building or space rentals leases,Rental Leases
497950,parking meters,Other Supplies Materials Equipment
105031,telephones,Furniture and Fixtures  Over  10 000
525664,engine parts   supplies,Motor Vehicle Supplies Equipment
143779,participating agencies actives,Insurance  Non Fringe Benefits
476860,beer inventory,Liquor Purchases  DLC
2663,other utilities,Utilities
241925,other miscellaneous operating expenses,Miscellaneous Operating Expenses
202128,other rental assistance program benefits,Public Assistance
166674,cleaning supplies,Other Supplies Materials Equipment
560389,gasoline,Motor Vehicle Supplies Equipment
246904,child care services,Contract and Services
365493,other public safety supplies equipment,Public Safety Supplies Equipment
551825,standby food,Miscellaneous Operating Expenses
532627,engine parts   supplies,Motor Vehicle Supplies Equipment
141613,medical equipment repair maintenance,Maintenance
169668,public safety personnel equipment   non capitalized,Public Safety Supplies Equipment
48536,length of service awards program   payments,Fire Department Operating Expenses
145102,public assistance,Public Assistance
399698,drugs   medicine,Medical Health Supplies
51866,length of service awards program   payments,Fire Department Operating Expenses
329686,uniforms,Uniforms
497697,parking meters,Other Supplies Materials Equipment
256239,local telephone service charges,Phones Telecommunication Services
144083,cellular phones,Other Supplies Materials Equipment
77322,length of service awards program   payments,Fire Department Operating Expenses
117095,computer equipment   non capitalized,Office Supplies Equipment Not Capitalized
459753,liquor and wine inventory,Liquor Purchases  DLC
32881,other recreation expenses,Recreation Supplies Equipment
144745,cellular phones,Other Supplies Materials Equipment
332471,uniforms,Uniforms
246458,child care services,Contract and Services
19905,metropolitan area travel,Travel
518078,pallets and retired materials   liquor,Liquor Purchases  DLC
317620,blackberries,Phones Telecommunication Services
487975,farebox parts,Other Supplies Materials Equipment
193384,disability rental assistance program benefits,Public Assistance
170329,electrical fixtures   supplies,Other Supplies Materials Equipment
105896,operating expenses   charges from others,Charges from Others
203928,other rental assistance program benefits,Public Assistance
347952,shoes,Uniforms
297980,dgs facilities   inventory,Contract and Services
93056,length of service awards program   payments,Fire Department Operating Expenses
297380,dgs facilities   inventory,Contract and Services
266905,dental services,Contract and Services
209156,other rental assistance program benefits,Public Assistance
524113,engine parts   supplies,Motor Vehicle Supplies Equipment
353841,wireless communications,Phones Telecommunication Services
249174,child care services,Contract and Services
519948,grants convertible to loans  economic development fund,Loans
70993,length of service awards program   payments,Fire Department Operating Expenses
230903,other miscellaneous operating expenses,Miscellaneous Operating Expenses
124556,general obligation bond   interest payment,Debt Service   Interest Payment
583631,automobile rentals,Rental Leases
443475,medical equipment,Medical Health Supplies
360871,other public safety supplies equipment,Public Safety Supplies Equipment
337939,uniform cleaning,Uniforms
639910,on line information systems agreements,Contract and Services
644303,book processing,Books Videos Subscriptions
357413,other public safety supplies equipment,Public Safety Supplies Equipment
195874,senior rental assistance program benefits,Public Assistance
629422,maintenance agreement   building equipment,Contract and Services
428860,reimbursement for towing charges,Miscellaneous Operating Expenses
250827,child care services,Contract and Services
387985,clinic supplies,Medical Health Supplies
177345,other public assistance,Public Assistance
309397,private purpose trust donations,Property Donation Disbursements
608593,building or space rentals leases,Rental Leases
64008,length of service awards program   payments,Fire Department Operating Expenses
564381,gasoline,Motor Vehicle Supplies Equipment
489985,professional purchase of service,Contract and Services
439927,reimbursement for towing charges,Miscellaneous Operating Expenses
61609,length of service awards program   payments,Fire Department Operating Expenses
553777,diesel fuel,Motor Vehicle Supplies Equipment
135307,other office equipment repair maintenance,Maintenance
337997,uniform cleaning,Uniforms
434185,reimbursement for towing charges,Miscellaneous Operating Expenses
398401,drugs   medicine,Medical Health Supplies
409076,reimbursement for towing charges,Miscellaneous Operating Expenses
619315,other supplies and materials,Other Supplies Materials Equipment
506289,parking meters,Other Supplies Materials Equipment
137348,actives   claims,Insurance  Non Fringe Benefits
478057,beer inventory,Liquor Purchases  DLC
529526,engine parts   supplies,Motor Vehicle Supplies Equipment
659027,other books,Books Videos Subscriptions
60941,length of service awards program   payments,Fire Department Operating Expenses
346418,shoes,Uniforms
174393,local conference related,Training and Education
380969,other communication services,Phones Telecommunication Services
279474,cellular phone line charges,Phones Telecommunication Services
576786,shop equipment   tools  non capitalized,Motor Vehicle Supplies Equipment
123635,general obligation bond   interest payment,Debt Service   Interest Payment
371237,other communication services,Phones Telecommunication Services
436916,reimbursement for towing charges,Miscellaneous Operating Expenses
424133,reimbursement for towing charges,Miscellaneous Operating Expenses
271619,cellular phone line charges,Phones Telecommunication Services
507034,parking meters,Other Supplies Materials Equipment
614827,other refunds,Refunds
526164,engine parts   supplies,Motor Vehicle Supplies Equipment
567359,gasoline,Motor Vehicle Supplies Equipment
72972,length of service awards program   payments,Fire Department Operating Expenses
508909,parking meters,Other Supplies Materials Equipment
170571,electrical fixtures   supplies,Other Supplies Materials Equipment
351979,wireless communications,Phones Telecommunication Services
618160,other supplies and materials,Other Supplies Materials Equipment
155867,other equipment repair maintenance,Maintenance
663735,other books,Books Videos Subscriptions
325422,uniforms,Uniforms
18409,metropolitan area travel,Travel
537737,generator,Other Supplies Materials Equipment
211231,professional licensure training,Training and Education
250004,child care services,Contract and Services
563978,gasoline,Motor Vehicle Supplies Equipment
61425,length of service awards program   payments,Fire Department Operating Expenses
255828,local telephone service charges,Phones Telecommunication Services
16928,metropolitan area travel,Travel
514526,maintenance   bus service lane,Contract and Services
545162,oil,Motor Vehicle Supplies Equipment
56611,length of service awards program   payments,Fire Department Operating Expenses
511645,security services,Contract and Services
851,trophies   awards,Recreation Supplies Equipment
187843,non local conference related,Training and Education
427980,reimbursement for towing charges,Miscellaneous Operating Expenses
9506,metropolitan area travel,Travel
565056,gasoline,Motor Vehicle Supplies Equipment
662583,other books,Books Videos Subscriptions
80041,length of service awards program   payments,Fire Department Operating Expenses
226056,other miscellaneous operating expenses,Miscellaneous Operating Expenses
70834,length of service awards program   payments,Fire Department Operating Expenses
160555,state insurance cost for hhs,Insurance  Non Fringe Benefits
612575,building or space rentals leases,Rental Leases
229688,other miscellaneous operating expenses,Miscellaneous Operating Expenses
62957,length of service awards program   payments,Fire Department Operating Expenses
291712,other education,Training and Education
372736,other communication services,Phones Telecommunication Services
275208,cellular phone line charges,Phones Telecommunication Services
150733,other equipment repair maintenance,Maintenance
49222,length of service awards program   payments,Fire Department Operating Expenses
69715,length of service awards program   payments,Fire Department Operating Expenses
522880,grants convertible to loans  economic development fund,Loans
549373,standby food,Miscellaneous Operating Expenses
125067,other outside mail services,Outside Postage and Mailing Services
292072,other education,Training and Education
246350,child care services,Contract and Services
37182,other recreation expenses,Recreation Supplies Equipment
40572,other recreation expenses,Recreation Supplies Equipment
62432,length of service awards program   payments,Fire Department Operating Expenses
165285,cleaning supplies,Other Supplies Materials Equipment
664411,other books,Books Videos Subscriptions
640726,propane,Utilities
76509,length of service awards program   payments,Fire Department Operating Expenses
424164,reimbursement for towing charges,Miscellaneous Operating Expenses
189373,temporary cash assistance   rental assistance program benefits,Public Assistance
333527,uniforms,Uniforms
632971,other rentals   leases,Rental Leases
182286,non local conference related,Training and Education
646291,book processing,Books Videos Subscriptions
71566,length of service awards program   payments,Fire Department Operating Expenses
469120,drugs and medicine   client reimbursement,Medical Health Supplies
220302,other miscellaneous operating expenses,Miscellaneous Operating Expenses
150035,other equipment repair maintenance,Maintenance
322207,food service,Contract and Services
443140,medical equipment,Medical Health Supplies
538472,intergovernmental operating expenditures,Intergovernmental Operating Expenditures
409015,reimbursement for towing charges,Miscellaneous Operating Expenses
395981,drugs   medicine,Medical Health Supplies
87607,length of service awards program   payments,Fire Department Operating Expenses
229064,other miscellaneous operating expenses,Miscellaneous Operating Expenses
371151,other communication services,Phones Telecommunication Services
582991,municipal league replacement equiment,Other Supplies Materials Equipment
408094,reimbursement for towing charges,Miscellaneous Operating Expenses
115940,computer supplies,Office Supplies Equipment Not Capitalized
397347,drugs   medicine,Medical Health Supplies
408470,reimbursement for towing charges,Miscellaneous Operating Expenses
260479,other professional services,Contract and Services
286766,cellular phone line charges,Phones Telecommunication Services
44749,length of service awards program   payments,Fire Department Operating Expenses
137056,actives   claims,Insurance  Non Fringe Benefits
156413,other equipment repair maintenance,Maintenance
122435,outside overnight mail courier,Outside Postage and Mailing Services
278950,cellular phone line charges,Phones Telecommunication Services
283894,cellular phone line charges,Phones Telecommunication Services
653838,other books,Books Videos Subscriptions
101997,advertising   marketing sales,Advertising
422440,reimbursement for towing charges,Miscellaneous Operating Expenses
48524,length of service awards program   payments,Fire Department Operating Expenses
345819,communication data installs,Phones Telecommunication Services
464456,liquor and wine inventory,Liquor Purchases  DLC
209741,other rental assistance program benefits,Public Assistance
153501,other equipment repair maintenance,Maintenance
193519,disability rental assistance program benefits,Public Assistance
369932,in home services,Contract and Services
267367,other non professional services,Contract and Services
86220,length of service awards program   payments,Fire Department Operating Expenses
267254,other non professional services,Contract and Services
220446,other miscellaneous operating expenses,Miscellaneous Operating Expenses
412417,reimbursement for towing charges,Miscellaneous Operating Expenses
357486,other public safety supplies equipment,Public Safety Supplies Equipment
30234,care for kids program,Contract and Services
638371,books   reference materials,Books Videos Subscriptions
4268,temporary office clerical,Contract and Services
662225,other books,Books Videos Subscriptions
474485,small engine repairs parts,Other Supplies Materials Equipment
392232,drugs   medicine,Medical Health Supplies
186931,non local conference related,Training and Education
629755,other rentals   leases,Rental Leases
425755,reimbursement for towing charges,Miscellaneous Operating Expenses
96575,transfer to mcps  operating,Transfer to MCPS
490911,equipment,Phones Telecommunication Services
558662,diesel fuel,Motor Vehicle Supplies Equipment
238573,other miscellaneous operating expenses,Miscellaneous Operating Expenses
530423,engine parts   supplies,Motor Vehicle Supplies Equipment
605697,building or space rentals leases,Rental Leases
428706,reimbursement for towing charges,Miscellaneous Operating Expenses
615774,maintenance agreement   snow removal,Contract and Services
437671,reimbursement for towing charges,Miscellaneous Operating Expenses
28656,other travel,Travel
311182,engineering   architectural services,Contract and Services
445332,background investigations,Miscellaneous Operating Expenses
222417,other miscellaneous operating expenses,Miscellaneous Operating Expenses
619650,other supplies and materials,Other Supplies Materials Equipment
120092,paper   supplies for copiers,Office Supplies Equipment Not Capitalized
386334,clinic supplies,Medical Health Supplies
264897,long distance charges,Phones Telecommunication Services
208611,other rental assistance program benefits,Public Assistance
71853,length of service awards program   payments,Fire Department Operating Expenses
181500,non local conference related,Training and Education
212660,professional licensure training,Training and Education
323116,uniforms,Uniforms
328016,uniforms,Uniforms
687636,consultant services,Contract and Services
613799,building or space rentals leases,Rental Leases
350107,shoes,Uniforms
553890,diesel fuel,Motor Vehicle Supplies Equipment
562010,gasoline,Motor Vehicle Supplies Equipment
451449,liquor and wine inventory,Liquor Purchases  DLC
437077,reimbursement for towing charges,Miscellaneous Operating Expenses
498380,parking meters,Other Supplies Materials Equipment
599560,central duplicating   overnight mail courier,Mail   Central Duplicating Services
544600,oil,Motor Vehicle Supplies Equipment
647471,electricity,Utilities
492696,bond counsel legal general,Debt Service   Issue Costs Paid  Operating
315144,other outside printing copying,Outside Printing
33074,other recreation expenses,Recreation Supplies Equipment
579662,compressed natural gas,Motor Vehicle Supplies Equipment
395247,drugs   medicine,Medical Health Supplies
285852,cellular phone line charges,Phones Telecommunication Services
79922,length of service awards program   payments,Fire Department Operating Expenses
399902,drugs   medicine,Medical Health Supplies
26572,swimming pool co2,Recreation Supplies Equipment
126407,claims   clearing,Insurance  Non Fringe Benefits
522161,grants convertible to loans  economic development fund,Loans
226475,other miscellaneous operating expenses,Miscellaneous Operating Expenses
394514,drugs   medicine,Medical Health Supplies
13064,metropolitan area travel,Travel
401025,drugs   medicine,Medical Health Supplies
171884,electrical fixtures   supplies,Other Supplies Materials Equipment
268405,rest room supplies,Other Supplies Materials Equipment
142318,carpentry supplies and materials,Other Supplies Materials Equipment
17805,metropolitan area travel,Travel
442063,reimbursement for towing charges,Miscellaneous Operating Expenses
87835,length of service awards program   payments,Fire Department Operating Expenses
98194,snow removal contractual,Contract and Services
39605,other recreation expenses,Recreation Supplies Equipment
412340,reimbursement for towing charges,Miscellaneous Operating Expenses
25689,non metropolitan area travel,Travel
535811,engine parts   supplies,Motor Vehicle Supplies Equipment
653455,other books,Books Videos Subscriptions
137052,actives   claims,Insurance  Non Fringe Benefits
448823,other special county functions,Special County Functions
680206,boards  child care travel reimbursement,Boards Committees Commissions
349869,shoes,Uniforms
560504,gasoline,Motor Vehicle Supplies Equipment
473654,mower parts repair,Other Supplies Materials Equipment
543547,direct service   food meals,Miscellaneous Operating Expenses
661875,other books,Books Videos Subscriptions
377511,other communication services,Phones Telecommunication Services
149608,other equipment repair maintenance,Maintenance
275291,cellular phone line charges,Phones Telecommunication Services
576273,shop equipment   tools  non capitalized,Motor Vehicle Supplies Equipment
215828,other miscellaneous operating expenses,Miscellaneous Operating Expenses
566592,gasoline,Motor Vehicle Supplies Equipment
567303,gasoline,Motor Vehicle Supplies Equipment
261334,other professional services,Contract and Services
624596,other supplies and materials,Other Supplies Materials Equipment
233874,other miscellaneous operating expenses,Miscellaneous Operating Expenses
450810,liquor and wine inventory,Liquor Purchases  DLC
331308,uniforms,Uniforms
319668,family services,Contract and Services
498916,parking meters,Other Supplies Materials Equipment
150467,other equipment repair maintenance,Maintenance
249021,child care services,Contract and Services
221553,other miscellaneous operating expenses,Miscellaneous Operating Expenses
650438,electricity,Utilities
362281,other public safety supplies equipment,Public Safety Supplies Equipment
180595,non local conference related,Training and Education
114678,general office supplies,Office Supplies Equipment Not Capitalized
407260,meetings  meals snacks refreshments,Special County Functions
235434,other miscellaneous operating expenses,Miscellaneous Operating Expenses
303619,operational materials,Other Supplies Materials Equipment
468456,drugs and medicine   client reimbursement,Medical Health Supplies
633838,other rentals   leases,Rental Leases
617619,other supplies and materials,Other Supplies Materials Equipment
34461,other recreation expenses,Recreation Supplies Equipment
81135,length of service awards program   payments,Fire Department Operating Expenses
566183,gasoline,Motor Vehicle Supplies Equipment
671414,other books,Books Videos Subscriptions
72662,length of service awards program   payments,Fire Department Operating Expenses
690439,athletic apparel,Recreation Supplies Equipment
670151,other books,Books Videos Subscriptions
285341,cellular phone line charges,Phones Telecommunication Services
125858,claims   clearing,Insurance  Non Fringe Benefits
447249,substance abuse testing kits,Medical Health Supplies
647602,electricity,Utilities
411179,reimbursement for towing charges,Miscellaneous Operating Expenses
192576,disability rental assistance program benefits,Public Assistance
529865,engine parts   supplies,Motor Vehicle Supplies Equipment
498447,parking meters,Other Supplies Materials Equipment
631830,other rentals   leases,Rental Leases
175924,local conference related,Training and Education
614086,building or space rentals leases,Rental Leases
82832,length of service awards program   payments,Fire Department Operating Expenses
15529,metropolitan area travel,Travel
682310,boards  child care travel reimbursement,Boards Committees Commissions
338167,uniform cleaning,Uniforms
289778,other education,Training and Education
536990,engine parts   supplies,Motor Vehicle Supplies Equipment
266780,public safety training,Training and Education
549567,standby food,Miscellaneous Operating Expenses
350575,wireless communications,Phones Telecommunication Services
178340,building improvement,Buildings
76404,length of service awards program   payments,Fire Department Operating Expenses
329445,uniforms,Uniforms
110321,general office supplies,Office Supplies Equipment Not Capitalized
446794,maintenance   grounds,Contract and Services
529032,engine parts   supplies,Motor Vehicle Supplies Equipment
413392,reimbursement for towing charges,Miscellaneous Operating Expenses
296687,dgs facilities   inventory,Contract and Services
522502,grants convertible to loans  economic development fund,Loans
154500,other equipment repair maintenance,Maintenance
98048,central duplicating   other printing copying,Printing   Cental Duplicating Services
378576,other communication services,Phones Telecommunication Services
398684,drugs   medicine,Medical Health Supplies
40649,other recreation expenses,Recreation Supplies Equipment
660202,other books,Books Videos Subscriptions
413143,reimbursement for towing charges,Miscellaneous Operating Expenses
58409,length of service awards program   payments,Fire Department Operating Expenses
401050,drugs   medicine,Medical Health Supplies
62501,length of service awards program   payments,Fire Department Operating Expenses
538376,intergovernmental operating expenditures,Intergovernmental Operating Expenditures
519102,grants   economic development fund,Loans
584758,automotive shop supplies   materials,Motor Vehicle Supplies Equipment
226529,other miscellaneous operating expenses,Miscellaneous Operating Expenses
80863,length of service awards program   payments,Fire Department Operating Expenses
55331,length of service awards program   payments,Fire Department Operating Expenses
166620,cleaning supplies,Other Supplies Materials Equipment
667288,other books,Books Videos Subscriptions
458904,liquor and wine inventory,Liquor Purchases  DLC
33564,other recreation expenses,Recreation Supplies Equipment
299508,dgs facilities   inventory,Contract and Services
291551,other education,Training and Education
547333,standby food,Miscellaneous Operating Expenses
564512,gasoline,Motor Vehicle Supplies Equipment
24265,non metropolitan area travel,Travel
160328,reimburse in home aid services clients,Public Assistance
131972,arbitration services,Contract and Services
282676,cellular phone line charges,Phones Telecommunication Services
400455,drugs   medicine,Medical Health Supplies
607770,building or space rentals leases,Rental Leases
99780,distributions to qualified electoral candidates,Miscellaneous Operating Expenses
504145,parking meters,Other Supplies Materials Equipment
90947,length of service awards program   payments,Fire Department Operating Expenses
493506,maintenance   vehicles,Contract and Services
596893,general obligation bond   principal payment,Debt Service   Principal Payment
595137,other supplies and materials,Other Supplies Materials Equipment
537965,intergovernmental operating expenditures,Intergovernmental Operating Expenditures
456880,liquor and wine inventory,Liquor Purchases  DLC
625043,other supplies and materials,Other Supplies Materials Equipment
284121,cellular phone line charges,Phones Telecommunication Services
592487,water cooler rentals,Rental Leases
353907,wireless communications,Phones Telecommunication Services
60332,length of service awards program   payments,Fire Department Operating Expenses
6500,temporary office clerical,Contract and Services
407186,meetings  meals snacks refreshments,Special County Functions
497586,parking meters,Other Supplies Materials Equipment
238807,other miscellaneous operating expenses,Miscellaneous Operating Expenses
54915,length of service awards program   payments,Fire Department Operating Expenses
604755,building or space rentals leases,Rental Leases
34957,other recreation expenses,Recreation Supplies Equipment
80073,length of service awards program   payments,Fire Department Operating Expenses
309625,private purpose trust donations,Property Donation Disbursements
354526,maintenance   electrical,Contract and Services
25844,non metropolitan area travel,Travel
529580,engine parts   supplies,Motor Vehicle Supplies Equipment
526756,engine parts   supplies,Motor Vehicle Supplies Equipment
435959,reimbursement for towing charges,Miscellaneous Operating Expenses
536255,engine parts   supplies,Motor Vehicle Supplies Equipment
288173,automotive service excellence certification,Training and Education
284358,cellular phone line charges,Phones Telecommunication Services
419231,reimbursement for towing charges,Miscellaneous Operating Expenses
